CREATE DATABASE IF NOT EXISTS pbz ;
USE pbz;

DROP TABLE IF EXISTS teachers;
DROP TABLE IF EXISTS subjects;
DROP TABLE IF EXISTS studentgroup;
DROP TABLE IF EXISTS teacher_in_group;


CREATE TABLE teachers (
personal_num VARCHAR(4),
surname VARCHAR(30),
positio VARCHAR(30),
department VARCHAR(30),
specialty VARCHAR(30),
telephone INT
);

CREATE TABLE subjects(
code_numsub VARCHAR(3),
name_subject VARCHAR(30),
num_hours INT,
specialty VARCHAR(30),
semestr INT
);

CREATE TABLE studentgroup(
code_numgroup VARCHAR(3),
name_group VARCHAR(30),
num_human INT,
specialty VARCHAR(30),
headman_surname VARCHAR(30)
);

CREATE TABLE teacher_in_group(
code_numgroup VARCHAR(3),
code_numsub VARCHAR(30),
personal_num VARCHAR(30),
lecture_hall INT
);

INSERT INTO teachers(personal_num,surname, positio, department,specialty, telephone) VALUES
('221Л', 'Фролов', 'Доцент', 'ЭВМ', 'АСОИ, ЭВМ', 487),
('222Л', 'Костин', 'Доцент', 'ЭВМ', 'ЭВМ', 543),
('225Л', 'Бойко', 'Профессор', 'АСУ', 'АСОИ, ЭВМ', 112),
('430Л', 'Глазов', 'Ассистент', 'ТФ', 'СД', 421),
('110Л', 'Петров', 'Ассистент', 'Экономики', 'Международная экономика', 324);

INSERT INTO subjects(code_numsub,name_subject,num_hours,specialty,semestr) VALUES
('12П', 'Мини ЭВМ', 36, 'ЭВМ', 1),
('14П', 'ПЭВМ', 72, 'ЭВМ', 2),
('17П', 'СУБД ПК', 48, 'АСОИ', 4),
('18П', 'ВКСС', 52, 'АСОИ', 6),
('34П', 'Физика', 30, 'СД', 6),
('22П', 'Аудит', 24, 'Бухучёта', 3);

INSERT INTO studentgroup(code_numgroup,name_group,num_human,specialty,headman_surname) VALUES
('8Г', 'Э-12', 18, 'ЭВМ', 'Иванова'),
('7Г', 'Э-15', 22, 'ЭВМ', 'Сеткин'),
('4Г', 'АС-9', 24, 'АСОИ', 'Балабанов'),
('3Г', 'АС-8', 20, 'АСОИ', 'Чижов'),
('17Г', 'С-14', 29, 'СД', 'Амросов'),
('12Г', 'М-6', 16, 'Международная экономика', 'Трубин'),
('10Г', 'Б-4', 21, 'Бухучёт', 'Зязюткин');

INSERT INTO teacher_in_group(code_numgroup,code_numsub,personal_num,lecture_hall) VALUES
('8Г', '12П', '222Л', 112),
('8Г', '14П', '221Л', 220),
('8Г', '17П', '222Л', 112),
('7Г', '14П', '221Л', 220),
('7Г', '17П', '222Л', 241),
('7Г', '18П', '225Л', 210),
('4Г', '12П', '222Л', 112),
('4Г', '18П', '225Л', 210),
('3Г', '12П', '222Л', 112),
('3Г', '17П', '221Л', 241),
('3Г', '18П', '225Л', 210),
('17Г', '12П', '222Л', 112),
('17Г', '22П', '110Л', 220),
('17Г', '34П', '430Л', 118),
('12Г', '12П', '222Л', 112),
('12Г', '22П', '110Л', 210),
('10Г', '12П', '222Л', 210),
('10Г', '22П', '110Л', 210);

